{
    "accuracy": 0.72375,
    "macro_precision": 0.6414472740869003,
    "macro_recall": 0.5741337727773145,
    "macro_f1": 0.593340768329721
}