{
    "accuracy": 0.63875,
    "macro_precision": 0.5566342104557281,
    "macro_recall": 0.4912938910441948,
    "macro_f1": 0.5067904528205153
}