{
    "accuracy": 0.70375,
    "macro_precision": 0.5872713475517214,
    "macro_recall": 0.5387951205875352,
    "macro_f1": 0.5475539495970093
}